,bIDs,heat
0,0,10
1,1,10
2,3,10
3,4,10
4,5,10
5,6,10
6,7,10
7,10,10
8,11,10
9,12,10
10,13,10
11,14,10
12,17,10
13,18,10
14,19,10
15,21,10
16,24,10
17,30,10
18,31,10
19,32,10
20,33,10
21,34,10
22,36,10
23,37,8
24,40,10
25,41,10
26,43,10
27,46,10
28,47,10
29,50,10
30,51,10
31,52,10
32,53,10
33,54,10
34,55,10
35,57,10
36,58,10
37,60,10
38,61,10
39,65,9
40,67,9
41,69,10
42,70,10
43,71,10
44,72,10
45,73,10
46,74,10
47,77,10
48,79,10
49,80,10
50,82,10
51,83,10
52,84,10
53,85,10
54,86,8
55,89,10
56,90,10
57,92,10
58,93,10
59,94,10
60,95,10
61,96,10
62,97,10
63,98,10
64,99,10
65,100,10
66,101,8
67,102,10
68,104,10
69,105,10
70,108,10
71,109,10
72,110,10
73,112,10
74,113,10
75,114,10
76,115,10
77,116,10
78,117,10
79,118,9
80,119,10
81,120,10
82,121,10
83,123,10
84,124,10
85,125,10
86,126,10
87,128,10
88,131,10
89,132,10
90,133,10
91,134,10
92,136,10
93,137,10
94,138,10
95,139,10
96,140,10
97,144,10
98,145,10
99,149,10
100,151,10
101,154,10
102,156,10
103,157,10
104,158,10
105,161,10
106,162,10
107,163,10
108,164,10
109,167,10
110,168,10
111,169,10
112,171,10
113,172,10
114,174,10
115,175,10
116,176,10
117,177,10
118,178,10
119,180,10
120,181,10
121,182,10
122,184,10
123,185,10
124,186,10
125,188,10
126,191,10
127,192,10
128,193,10
129,194,10
130,196,10
131,198,10
132,199,10
133,201,10
134,205,10
135,206,10
136,207,10
137,208,10
138,209,10
139,212,10
140,214,10
141,216,10
142,217,10
143,219,10
144,220,10
145,221,10
146,222,10
147,224,10
148,225,10
149,226,10
150,227,10
151,232,10
152,233,10
153,234,9
154,235,10
155,236,10
156,237,10
157,238,10
158,239,10
159,240,10
160,241,10
161,242,10
162,244,10
163,245,10
164,246,10
165,247,10
166,248,10
167,249,10
168,251,10
169,252,10
170,253,10
171,254,10
172,255,10
173,256,10
174,259,10
175,260,10
176,261,10
177,262,10
178,263,10
179,264,10
180,265,10
181,266,10
182,267,10
183,268,10
184,271,10
185,273,10
186,274,10
187,275,10
188,276,10
189,277,10
190,279,10
191,280,10
192,282,10
193,283,10
194,284,10
195,285,10
196,287,10
197,288,10
198,291,10
199,292,10
200,293,10
201,296,10
202,298,10
203,299,10
204,300,10
205,301,10
206,302,10
207,304,10
208,305,10
209,307,10
210,309,10
211,310,10
212,311,10
213,312,10
214,315,10
215,316,10
216,317,10
217,319,10
218,320,10
219,322,10
220,323,10
221,324,10
222,325,10
223,327,10
224,328,10
225,331,10
226,332,10
227,333,10
228,334,10
229,335,10
230,336,10
231,337,10
232,338,10
233,339,10
234,340,10
235,341,10
236,343,10
237,344,10
238,346,10
239,347,10
240,348,10
241,349,10
242,353,10
243,354,10
244,355,10
245,357,9
246,358,10
247,360,10
248,361,10
249,363,10
250,365,10
251,367,10
252,369,10
253,370,10
254,372,10
255,373,10
256,374,10
257,375,10
258,377,10
259,378,10
260,380,10
261,381,10
262,382,10
263,383,10
264,385,10
265,386,10
266,389,10
267,390,10
268,391,10
269,392,10
270,394,10
271,395,10
272,396,10
273,397,10
274,398,10
275,399,10
276,401,10
277,402,10
278,403,10
279,404,10
280,405,10
281,406,10
282,409,10
283,410,10
284,411,10
285,412,10
286,413,10
287,414,10
288,416,10
289,418,9
290,419,10
291,420,10
292,424,10
293,425,10
294,426,10
295,427,10
296,428,10
297,430,10
298,432,10
299,433,10
300,435,10
301,436,10
302,437,10
303,438,10
304,439,10
305,442,10
306,443,10
307,444,10
308,445,10
309,449,10
310,451,10
311,452,10
312,453,10
313,454,10
314,455,10
315,456,10
316,459,10
317,460,10
318,462,10
319,463,10
320,465,10
321,466,10
322,467,10
323,468,10
324,469,10
325,470,10
326,471,10
327,472,10
328,476,10
329,477,10
330,478,10
331,479,10
332,480,10
333,481,10
334,483,10
335,485,10
336,487,10
337,488,10
338,489,10
339,491,9
340,492,10
341,495,10
342,496,10
343,497,10
344,498,10
345,501,10
346,502,10
347,503,10
348,504,10
349,505,10
350,507,10
351,509,10
352,510,10
353,511,10
354,515,10
355,517,10
356,518,10
357,519,10
358,520,10
359,523,10
360,525,10
361,528,10
362,529,10
363,530,10
364,531,10
365,532,10
366,533,10
367,534,10
368,535,10
369,537,10
370,538,10
371,539,10
372,540,10
373,541,10
374,542,10
375,543,10
376,545,10
377,546,10
378,547,10
379,548,10
380,549,10
381,551,10
382,552,10
383,553,10
384,556,10
385,557,10
386,558,10
387,559,10
388,560,10
389,562,10
390,563,10
391,565,10
392,566,10
393,568,10
394,569,10
395,571,10
396,573,10
397,575,10
398,576,10
399,578,10
400,579,10
401,580,10
402,581,10
403,582,10
404,584,10
405,586,10
406,588,10
407,589,10
408,590,10
409,592,10
410,593,10
411,594,10
412,595,10
413,596,10
414,597,10
415,599,10
416,600,10
417,601,10
418,603,10
419,604,10
420,605,10
421,606,10
422,607,10
423,608,10
424,609,10
425,610,10
426,611,10
427,613,10
428,614,10
429,615,10
430,616,10
431,617,10
432,618,10
433,622,10
434,623,10
435,624,10
436,625,10
437,627,10
438,629,10
439,630,10
440,632,10
441,633,10
442,634,10
443,635,10
444,636,10
445,637,10
446,639,10
447,640,10
448,641,10
449,642,10
450,646,10
451,647,10
452,649,10
453,651,10
454,652,10
455,653,10
456,654,10
457,655,10
458,657,10
459,658,10
460,659,10
461,661,10
462,665,10
463,667,10
464,670,10
465,671,10
466,672,10
467,673,10
468,676,10
469,678,10
470,679,10
471,681,10
472,682,10
473,683,10
474,685,10
475,686,10
476,687,10
477,688,10
478,690,10
479,691,10
480,692,10
481,693,10
482,694,10
483,696,10
484,698,10
485,699,10
486,700,10
487,703,10
488,704,10
489,705,10
490,706,10
491,707,10
492,708,10
493,709,10
494,711,10
495,712,10
496,713,10
497,714,10
498,715,10
499,716,10
500,717,10
501,719,10
502,720,10
503,721,10
504,722,10
505,724,10
506,725,10
507,726,10
508,727,10
509,728,10
510,729,10
511,730,10
512,731,10
513,732,10
514,735,10
515,737,10
516,739,10
517,740,10
518,741,10
519,742,10
520,743,10
521,744,10
522,745,10
523,746,10
524,747,10
525,749,10
526,750,10
527,752,10
528,753,10
529,754,10
530,755,10
531,756,10
532,757,10
533,759,10
534,760,10
535,761,10
536,762,10
537,766,10
538,767,10
539,768,10
540,769,10
541,770,10
542,771,10
543,772,10
544,774,10
545,775,10
546,776,10
547,779,10
548,780,10
549,781,10
550,783,10
551,784,10
552,785,10
553,789,10
554,790,10
555,791,10
556,792,10
557,793,10
558,794,10
559,796,10
560,797,10
561,798,10
562,800,10
563,801,10
564,803,10
565,804,10
566,807,10
567,808,10
568,809,10
569,810,10
570,811,10
571,812,10
572,813,10
573,814,10
574,815,10
575,816,10
576,817,10
577,818,10
578,819,10
579,820,10
580,821,10
581,822,10
582,823,10
583,824,10
584,825,10
585,826,10
586,827,10
587,828,10
588,830,10
589,831,10
590,832,9
591,833,10
592,834,10
593,836,10
594,838,10
595,839,10
596,840,10
597,841,10
598,843,10
599,844,10
600,849,10
601,850,10
602,854,10
603,855,10
604,857,10
605,859,10
606,860,10
607,864,10
608,865,10
609,866,10
610,868,10
611,869,10
612,870,10
613,871,10
614,872,10
615,873,10
616,875,10
617,876,10
618,877,10
619,878,10
620,880,10
621,881,10
622,883,10
623,884,10
624,885,10
625,887,10
626,888,10
627,889,10
628,890,10
629,891,10
630,892,10
631,894,10
632,895,10
633,897,10
634,898,10
635,901,10
636,902,10
637,903,10
638,906,10
639,907,10
640,908,10
641,909,10
642,910,10
643,911,10
644,912,10
645,913,10
646,914,10
647,915,10
648,916,10
649,918,10
650,919,10
651,921,10
652,923,10
653,924,10
654,926,10
655,927,10
656,928,10
657,929,10
658,931,10
659,932,10
660,933,10
661,934,10
662,935,10
663,936,10
664,937,10
665,940,10
666,943,10
667,944,10
668,946,10
669,947,10
670,948,10
671,949,10
672,954,10
673,955,10
674,957,10
675,958,10
676,960,10
677,961,10
678,962,10
679,964,10
680,965,10
681,966,10
682,967,10
683,968,10
684,969,10
685,971,10
686,973,10
687,974,10
688,975,10
689,977,10
690,978,10
691,979,10
692,981,10
693,982,10
694,983,10
695,984,10
696,985,10
697,988,10
698,992,9
699,993,10
700,994,10
701,995,10
702,997,10
703,998,10
704,999,10
705,1000,10
706,1001,10
707,1002,10
708,1003,10
709,1004,10
710,1005,10
711,1008,10
712,1010,10
713,1012,10
714,1015,10
715,1016,10
716,1018,10
717,1019,10
718,1021,10
719,1022,10
720,1024,10
721,1025,10
722,1026,10
723,1029,10
724,1030,10
725,1031,10
726,1034,10
727,1036,10
728,1037,10
729,1039,10
730,1041,10
731,1042,10
732,1043,10
733,1044,10
734,1047,10
735,1048,10
736,1050,10
737,1051,10
738,1052,10
739,1053,10
740,1055,10
741,1056,10
742,1057,10
743,1058,10
744,1059,10
745,1061,10
746,1062,10
747,1063,10
748,1064,10
749,1065,10
750,1066,10
751,1067,10
752,1069,10
753,1070,10
754,1072,10
755,1073,10
756,1075,10
757,1076,10
758,1077,10
759,1078,10
760,1083,10
761,1084,10
762,1086,10
763,1087,10
764,1089,10
765,1090,10
766,1091,10
767,1092,10
768,1093,10
769,1096,10
770,1097,10
771,1100,10
772,1101,10
773,1102,10
774,1104,10
775,1105,10
776,1107,10
777,1108,10
778,1110,10
779,1112,10
780,1113,10
781,1115,10
782,1116,10
783,1117,10
784,1118,10
785,1119,10
786,1120,10
787,1121,10
788,1123,10
789,1124,10
790,1125,10
791,1126,10
792,1128,10
793,1130,10
794,1131,10
795,1133,10
796,1135,10
797,1136,10
798,1138,10
799,1139,10
800,1140,10
801,1141,10
802,1142,10
803,1143,10
804,1144,10
805,1145,10
806,1146,10
807,1147,10
808,1148,10
809,1149,10
810,1150,10
811,1152,10
812,1153,10
813,1155,10
814,1156,10
815,1158,10
816,1160,10
817,1161,10
818,1162,10
819,1164,10
820,1165,10
821,1166,10
822,1168,10
823,1169,10
824,1171,10
825,1175,10
826,1179,10
827,1180,10
828,1181,10
829,1182,10
830,1184,10
831,1185,10
832,1186,10
833,1187,10
834,1188,10
835,1189,10
836,1191,10
837,1193,10
838,1195,10
839,1196,10
840,1197,10
841,1198,10
842,1199,10
843,1200,10
844,1201,10
845,1204,10
846,1205,10
847,1207,10
848,1210,10
849,1211,10
850,1212,10
851,1214,10
852,1215,10
853,1217,10
854,1220,10
855,1222,10
856,1223,10
857,1224,10
858,1225,10
859,1227,10
860,1229,10
861,1232,10
862,1233,10
863,1234,10
864,1237,10
865,1238,10
866,1239,10
867,1240,10
868,1241,10
869,1245,10
870,1246,10
871,1247,10
872,1248,10
873,1249,10
874,1250,10
875,1251,10
876,1255,10
877,1258,10
878,1259,10
879,1260,10
880,1261,10
881,1262,10
882,1263,10
883,1264,10
884,1265,10
885,1266,10
886,1267,10
887,1269,10
888,1270,10
889,1271,10
890,1272,10
891,1273,10
892,1274,10
893,1275,10
894,1276,10
895,1278,10
896,1279,10
897,1281,10
898,1286,10
899,1287,10
900,1288,10
901,1289,10
902,1290,10
903,1292,10
904,1296,10
905,1297,10
906,1298,10
907,1299,10
908,1300,10
909,1301,10
910,1302,10
911,1303,10
912,1304,10
913,1305,10
914,1306,10
915,1307,10
916,1308,10
917,1309,10
918,1310,10
919,1312,10
920,1313,10
921,1314,10
922,1317,10
923,1320,10
924,1322,10
925,1323,10
926,1324,10
927,1325,10
928,1327,10
929,1328,10
930,1329,10
931,1331,10
932,1332,10
933,1333,10
934,1335,10
935,1336,10
936,1337,10
937,1338,10
938,1339,10
939,1340,10
940,1341,10
941,1342,10
942,1345,10
943,1346,10
944,1349,10
945,1351,10
946,1352,10
947,1353,10
948,1354,10
949,1355,10
950,1356,10
951,1357,10
952,1358,10
953,1360,10
954,1363,10
955,1364,10
956,1365,10
957,1366,10
958,1369,10
959,1371,10
960,1372,10
961,1373,10
962,1374,10
963,1375,10
964,1376,10
965,1377,10
966,1380,10
967,1381,10
968,1382,10
969,1384,10
970,1385,10
971,1386,10
972,1388,10
973,1391,10
974,1392,10
975,1393,10
976,1394,10
977,1395,10
978,1396,10
979,1399,10
980,1401,10
981,1403,10
982,1404,10
983,1406,10
984,1407,10
985,1408,10
986,1411,10
987,1412,10
988,1413,10
989,1415,10
990,1416,10
991,1417,10
992,1418,10
993,1419,10
994,1420,10
995,1423,10
996,1424,10
997,1425,10
998,1427,10
999,1428,10
1000,1429,10
1001,1430,10
1002,1431,10
1003,1432,10
1004,1433,10
1005,1434,10
1006,1435,10
1007,1436,10
1008,1437,10
1009,1438,10
1010,1439,10
1011,1440,10
1012,1441,10
1013,1442,10
1014,1443,10
1015,1444,10
1016,1445,10
1017,1446,10
1018,1447,10
1019,1449,10
1020,1450,10
1021,1452,10
1022,1453,10
1023,1454,10
1024,1455,10
1025,1456,10
1026,1457,10
1027,1458,10
1028,1460,10
1029,1461,10
1030,1463,10
1031,1464,10
1032,1465,10
1033,1466,10
1034,1467,10
1035,1468,10
1036,1469,10
1037,1470,10
1038,1472,10
1039,1473,10
1040,1474,10
1041,1475,10
1042,1476,10
1043,1477,10
1044,1478,10
1045,1480,10
1046,1481,10
1047,1482,10
1048,1483,10
1049,1484,10
1050,1485,10
1051,1486,10
1052,1487,10
1053,1489,10
1054,1490,10
1055,1491,10
1056,1492,10
1057,1494,10
1058,1496,10
1059,1497,10
1060,1501,10
1061,1503,10
1062,1504,10
1063,1505,10
1064,1506,10
1065,1507,10
1066,1508,10
1067,1509,10
1068,1510,10
1069,1511,9
1070,1513,10
1071,1514,10
1072,1516,10
1073,1517,10
1074,1518,10
1075,1519,10
1076,1520,10
1077,1521,10
1078,1522,10
1079,1524,10
1080,1525,10
1081,1528,10
1082,1533,10
1083,1535,10
1084,1536,10
1085,1537,10
1086,1538,10
1087,1539,10
1088,1540,10
1089,1541,10
1090,1542,10
1091,1544,10
1092,1548,10
1093,1549,10
1094,1550,10
1095,1551,10
1096,1554,10
1097,1555,10
1098,1558,10
1099,1559,10
1100,1561,10
1101,1562,10
1102,1563,10
1103,1565,10
1104,1567,10
1105,1568,10
1106,1569,10
1107,1570,10
1108,1571,10
1109,1574,10
1110,1576,10
1111,1578,10
1112,1579,10
1113,1580,10
1114,1581,10
1115,1582,10
1116,1583,10
1117,1584,10
1118,1587,10
1119,1588,10
1120,1590,10
1121,1591,10
1122,1593,10
1123,1594,10
1124,1595,10
1125,1596,10
1126,1599,10
1127,1601,10
1128,1603,10
1129,1604,10
1130,1605,10
1131,1606,10
1132,1607,10
1133,1608,10
1134,1609,10
1135,1610,10
1136,1612,10
1137,1613,10
1138,1614,10
1139,1615,10
1140,1617,10
1141,1620,10
1142,1624,10
1143,1625,10
1144,1626,10
1145,1628,10
1146,1629,10
1147,1633,10
1148,1635,10
1149,1637,10
1150,1640,10
1151,1643,10
1152,1646,10
1153,1647,10
1154,1649,10
1155,1650,10
1156,1651,10
1157,1652,10
1158,1653,10
1159,1654,10
1160,1656,10
1161,1658,10
1162,1659,10
1163,1660,10
1164,1661,10
1165,1662,10
1166,1663,10
1167,1664,10
1168,1666,10
1169,1668,10
1170,1671,10
1171,1672,10
1172,1674,10
1173,1675,10
1174,1676,10
1175,1677,9
1176,1678,10
1177,1679,10
1178,1681,10
1179,1683,10
1180,1684,10
1181,1685,10
1182,1686,10
1183,1687,10
1184,1690,10
1185,1693,10
1186,1694,10
1187,1695,10
1188,1696,10
1189,1698,10
1190,1700,10
1191,1701,10
1192,1702,10
1193,1704,10
1194,1705,10
1195,1707,10
1196,1708,10
1197,1711,10
1198,1713,10
1199,1714,10
1200,1716,10
1201,1718,10
1202,1719,10
1203,1720,10
1204,1721,10
1205,1722,10
1206,1723,10
1207,1726,10
1208,1727,10
1209,1728,10
1210,1729,10
1211,1730,10
1212,1731,10
1213,1732,10
1214,1733,10
1215,1734,10
1216,1735,10
1217,1736,10
1218,1737,10
1219,1738,10
1220,1739,10
1221,1740,10
1222,1741,10
1223,1743,10
1224,1744,10
1225,1745,10
1226,1746,10
1227,1747,10
1228,1749,10
1229,1751,10
1230,1752,10
1231,1754,10
1232,1755,10
1233,1757,10
1234,1758,10
1235,1759,10
1236,1761,10
1237,1762,10
1238,1763,10
1239,1764,10
1240,1766,10
1241,1767,10
1242,1769,10
1243,1771,10
1244,1772,10
1245,1773,10
1246,1774,10
1247,1775,10
1248,1776,10
1249,1782,10
1250,1783,10
1251,1785,10
1252,1786,10
1253,1789,10
1254,1791,10
1255,1792,10
1256,1794,10
1257,1796,10
1258,1798,10
1259,1799,10
1260,1800,10
1261,1803,10
1262,1805,10
1263,1810,10
1264,1811,10
1265,1812,10
1266,1814,10
1267,1815,10
1268,1816,10
1269,1817,10
1270,1818,10
1271,1819,10
1272,1821,10
1273,1822,10
1274,1823,10
1275,1824,10
1276,1825,10
1277,1826,10
1278,1827,10
1279,1828,10
1280,1829,10
1281,1830,10
1282,1832,10
1283,1833,10
1284,1834,10
1285,1837,10
1286,1838,10
1287,1839,10
1288,1840,10
1289,1843,10
1290,1846,10
1291,1847,10
1292,1848,10
1293,1850,10
1294,1851,10
1295,1852,10
1296,1854,10
1297,1855,10
1298,1856,9
1299,1860,10
1300,1861,10
1301,1862,10
1302,1863,10
1303,1864,10
1304,1865,10
1305,1867,10
1306,1868,10
1307,1869,10
1308,1870,10
1309,1872,10
1310,1873,10
1311,1876,10
1312,1877,10
1313,1879,10
1314,1881,10
1315,1882,10
1316,1883,10
1317,1886,10
1318,1887,10
1319,1888,10
1320,1890,10
1321,1892,10
1322,1893,10
1323,1894,10
1324,1895,10
1325,1897,10
1326,1899,10
1327,1900,10
1328,1907,10
1329,1908,10
1330,1909,10
1331,1910,10
1332,1913,10
1333,1914,10
1334,1915,10
1335,1917,10
1336,1918,10
1337,1919,10
1338,1920,10
1339,1921,10
1340,1923,10
1341,1924,10
1342,1925,10
1343,1926,10
1344,1927,10
1345,1929,10
1346,1931,10
1347,1932,10
1348,1933,10
1349,1936,10
1350,1938,10
1351,1939,10
1352,1941,10
1353,1942,10
1354,1943,10
1355,1946,10
1356,1947,10
1357,1949,10
1358,1950,10
1359,1952,10
1360,1953,10
1361,1955,9
1362,1956,10
1363,1958,10
1364,1960,10
1365,1962,10
1366,1963,10
1367,1964,10
1368,1965,10
1369,1967,10
1370,1969,10
1371,1972,10
1372,1973,10
1373,1976,10
1374,1978,10
1375,1979,10
1376,1980,10
1377,1981,10
1378,1982,10
1379,1983,10
1380,1984,10
1381,1986,10
1382,1988,10
1383,1989,10
1384,1990,10
1385,1991,10
1386,1992,10
1387,1993,10
1388,1996,10
1389,1997,10
1390,1998,10
1391,1999,10
1392,2000,10
1393,2001,10
1394,2004,10
1395,2005,10
1396,2006,10
1397,2008,10
1398,2010,10
1399,2011,10
1400,2013,10
1401,2014,10
1402,2017,10
1403,2018,10
1404,2020,10
1405,2021,10
1406,2022,10
1407,2023,10
1408,2024,10
1409,2025,10
1410,2026,10
1411,2027,10
1412,2030,10
1413,2031,10
1414,2032,10
1415,2033,10
1416,2035,10
1417,2036,10
1418,2037,10
1419,2038,10
1420,2039,10
1421,2043,10
1422,2044,10
1423,2045,10
1424,2046,10
1425,2048,10
1426,2049,10
1427,2051,10
1428,2052,10
1429,2058,10
1430,2059,10
1431,2060,10
1432,2064,10
1433,2065,10
1434,2066,10
1435,2068,10
1436,2069,10
1437,2070,10
1438,2071,10
1439,2073,10
1440,2074,10
1441,2076,10
1442,2078,10
1443,2080,10
1444,2081,10
1445,2082,10
1446,2083,10
1447,2086,10
1448,2088,10
1449,2089,10
1450,2090,10
1451,2091,10
1452,2093,10
1453,2094,10
1454,2096,10
1455,2097,10
1456,2099,10
1457,2100,10
1458,2101,10
1459,2102,10
1460,2103,10
1461,2104,10
1462,2105,10
1463,2108,10
1464,2109,10
1465,2111,10
1466,2113,10
1467,2117,10
1468,2119,10
1469,2121,10
1470,2122,10
1471,2124,10
1472,2125,10
1473,2126,10
1474,2129,10
1475,2130,10
1476,2131,10
1477,2132,10
1478,2133,10
1479,2134,10
1480,2136,10
1481,2137,10
1482,2138,10
1483,2139,10
1484,2141,10
1485,2142,10
1486,2143,10
1487,2144,10
1488,2145,10
1489,2146,10
1490,2147,10
1491,2148,10
1492,2149,10
1493,2151,10
1494,2152,10
1495,2154,10
1496,2156,10
1497,2158,10
1498,2159,10
1499,2160,10
1500,2161,10
1501,2162,10
1502,2165,10
1503,2166,10
1504,2167,10
1505,2168,10
1506,2169,10
1507,2170,10
1508,2171,10
1509,2172,10
1510,2173,10
1511,2176,10
1512,2179,10
1513,2180,10
1514,2181,10
1515,2183,10
1516,2184,10
1517,2185,10
1518,2186,10
1519,2189,10
1520,2190,10
1521,2191,10
1522,2194,10
1523,2195,10
1524,2197,10
1525,2199,9
1526,2200,10
1527,2201,10
1528,2204,10
1529,2206,10
1530,2208,10
1531,2209,10
1532,2210,10
1533,2213,10
1534,2214,10
1535,2217,10
1536,2220,10
1537,2221,10
1538,2222,10
1539,2223,10
1540,2226,10
1541,2227,10
1542,2228,10
1543,2229,10
1544,2231,10
1545,2233,10
1546,2234,10
1547,2235,10
1548,2236,10
1549,2237,10
1550,2240,10
1551,2241,10
1552,2242,10
1553,2243,10
1554,2244,10
1555,2245,10
1556,2247,10
1557,2248,10
1558,2251,10
1559,2252,10
1560,2254,10
1561,2256,10
1562,2257,10
1563,2259,10
1564,2261,10
1565,2262,10
1566,2263,10
1567,2264,10
1568,2266,10
1569,2267,10
1570,2268,10
1571,2269,10
1572,2270,10
1573,2271,10
1574,2272,10
1575,2273,10
1576,2274,10
1577,2275,10
1578,2277,10
1579,2279,10
1580,2280,10
1581,2282,10
1582,2283,10
1583,2284,10
1584,2285,10
1585,2288,10
1586,2289,10
1587,2290,10
1588,2291,10
1589,2292,10
1590,2293,10
1591,2295,10
1592,2296,10
1593,2297,10
1594,2298,10
1595,2299,10
1596,2300,10
1597,2301,10
1598,2302,10
1599,2303,10
1600,2304,10
1601,2305,10
1602,2306,10
1603,2307,10
1604,2308,10
1605,2310,10
1606,2311,10
1607,2312,10
1608,2315,10
1609,2316,10
1610,2317,10
1611,2318,10
1612,2319,10
1613,2320,10
1614,2322,10
1615,2323,10
1616,2325,10
1617,2326,10
1618,2327,10
1619,2329,10
1620,2330,10
1621,2331,10
1622,2334,10
1623,2335,10
1624,2336,10
1625,2337,10
1626,2338,10
1627,2339,10
1628,2341,10
1629,2342,10
1630,2343,10
1631,2345,10
1632,2347,10
1633,2350,10
1634,2351,10
1635,2352,10
1636,2355,10
1637,2357,10
1638,2358,10
1639,2362,10
1640,2363,10
1641,2365,10
1642,2366,10
1643,2367,10
1644,2369,10
1645,2371,9
1646,2372,10
1647,2373,10
1648,2374,10
1649,2375,10
1650,2376,10
1651,2379,10
1652,2381,10
1653,2382,10
1654,2383,10
1655,2384,10
1656,2385,10
1657,2388,10
1658,2389,10
1659,2390,10
1660,2394,10
1661,2396,10
1662,2397,10
1663,2399,10
1664,2404,10
1665,2406,10
1666,2408,10
1667,2409,10
1668,2411,10
1669,2412,10
1670,2413,10
1671,2414,10
1672,2415,10
1673,2416,10
1674,2417,10
1675,2418,10
1676,2420,10
1677,2422,10
1678,2423,10
1679,2426,10
1680,2427,10
1681,2428,10
1682,2429,10
1683,2431,10
1684,2433,10
1685,2434,10
1686,2437,10
1687,2438,10
1688,2441,10
1689,2442,10
1690,2443,10
1691,2444,10
1692,2445,10
1693,2447,10
1694,2448,10
1695,2451,10
1696,2452,10
1697,2453,10
1698,2454,10
1699,2455,10
1700,2456,10
1701,2458,10
1702,2459,10
1703,2462,10
1704,2463,10
1705,2464,10
1706,2465,10
1707,2466,10
1708,2469,10
1709,2470,10
1710,2474,10
1711,2475,10
1712,2476,10
1713,2477,10
1714,2479,10
1715,2480,10
1716,2481,10
1717,2482,10
1718,2483,10
1719,2484,10
1720,2485,10
1721,2487,10
1722,2490,10
1723,2491,10
1724,2492,10
1725,2494,10
1726,2496,10
1727,2497,10
1728,2498,10
1729,2499,10
1730,2500,10
1731,2501,10
1732,2503,10
1733,2504,10
1734,2506,10
1735,2508,10
1736,2509,10
1737,2510,10
1738,2511,10
1739,2512,10
1740,2514,10
1741,2515,10
1742,2516,10
1743,2517,10
1744,2519,10
1745,2521,10
1746,2522,10
1747,2524,10
1748,2525,10
1749,2526,10
1750,2527,10
1751,2528,10
1752,2529,10
1753,2530,10
1754,2531,10
1755,2532,10
1756,2533,10
1757,2535,10
1758,2536,10
1759,2537,10
1760,2538,10
1761,2539,10
1762,2540,10
1763,2541,10
1764,2542,10
1765,2544,10
1766,2546,10
1767,2548,10
1768,2549,10
1769,2550,10
1770,2551,10
1771,2552,10
1772,2554,10
1773,2557,10
1774,2558,10
1775,2559,10
1776,2560,10
1777,2561,10
1778,2562,10
1779,2563,10
1780,2567,10
1781,2568,10
1782,2569,9
1783,2570,10
1784,2573,10
1785,2575,10
1786,2576,10
1787,2579,10
1788,2580,10
1789,2582,10
1790,2584,10
1791,2585,10
1792,2586,10
1793,2587,10
1794,2589,10
1795,2591,10
1796,2596,10
1797,2597,10
1798,2598,10
1799,2600,10
1800,2601,10
1801,2602,10
1802,2603,10
1803,2607,10
1804,2609,10
1805,2610,10
1806,2611,10
1807,2612,10
1808,2613,10
1809,2614,10
1810,2615,10
1811,2616,10
1812,2617,10
1813,2619,10
1814,2620,10
1815,2621,10
1816,2622,10
1817,2624,10
1818,2625,10
1819,2627,10
1820,2628,10
1821,2629,10
1822,2630,10
1823,2631,10
1824,2632,10
1825,2634,10
1826,2639,10
1827,2640,10
1828,2643,10
1829,2644,10
1830,2645,10
1831,2647,10
1832,2649,10
1833,2651,10
1834,2653,10
1835,2656,10
1836,2657,10
1837,2658,10
1838,2659,10
1839,2661,10
1840,2662,10
1841,2663,10
1842,2664,10
1843,2666,10
1844,2667,10
1845,2668,10
1846,2670,10
1847,2671,10
1848,2672,10
1849,2674,10
1850,2675,10
1851,2676,10
1852,2677,10
1853,2678,10
1854,2680,10
1855,2683,10
1856,2684,10
1857,2685,10
1858,2686,10
1859,2687,10
1860,2688,10
1861,2689,10
1862,2690,10
1863,2691,10
1864,2693,10
1865,2694,10
1866,2696,10
1867,2697,10
1868,2698,10
1869,2699,10
1870,2700,10
1871,2702,10
1872,2703,10
1873,2704,10
1874,2705,10
1875,2708,10
1876,2709,10
1877,2710,10
1878,2711,10
1879,2712,10
1880,2714,10
1881,2717,10
1882,2718,10
1883,2719,10
1884,2720,10
1885,2721,10
1886,2723,10
1887,2724,10
1888,2725,10
1889,2726,10
1890,2727,10
1891,2729,10
1892,2730,10
1893,2731,10
1894,2732,10
1895,2733,10
1896,2735,10
1897,2736,10
1898,2737,10
1899,2739,10
1900,2740,10
1901,2743,10
1902,2745,10
1903,2746,10
1904,2748,10
1905,2749,10
1906,2750,10
1907,2751,10
1908,2752,10
1909,2753,10
1910,2754,10
1911,2755,10
1912,2757,10
1913,2758,10
1914,2759,10
1915,2760,10
1916,2761,10
1917,2762,10
1918,2764,10
1919,2765,10
1920,2767,10
1921,2768,10
1922,2769,10
1923,2770,10
1924,2772,10
1925,2773,10
1926,2774,10
1927,2776,10
1928,2777,10
1929,2778,10
1930,2779,10
1931,2780,10
1932,2782,10
1933,2783,10
1934,2784,10
1935,2785,10
1936,2786,10
1937,2787,10
1938,2792,10
1939,2795,10
1940,2796,10
1941,2797,10
1942,2799,10
1943,2800,10
1944,2801,10
1945,2802,10
1946,2803,10
1947,2806,10
1948,2808,10
1949,2809,10
1950,2810,10
1951,2811,10
1952,2813,10
1953,2815,10
1954,2816,10
1955,2817,10
1956,2818,10
1957,2819,10
1958,2821,10
1959,2822,10
1960,2824,10
1961,2825,10
1962,2826,10
1963,2827,10
1964,2829,10
1965,2831,10
1966,2832,10
1967,2834,10
1968,2836,10
1969,2837,10
1970,2838,10
1971,2840,10
1972,2842,10
1973,2843,10
1974,2844,10
1975,2845,10
1976,2846,10
1977,2848,10
1978,2849,10
1979,2850,10
1980,2851,10
1981,2853,10
1982,2854,10
1983,2856,10
1984,2857,10
1985,2858,10
1986,2860,10
1987,2861,10
1988,2862,10
1989,2863,10
1990,2865,10
1991,2866,10
1992,2871,10
1993,2873,10
1994,2874,10
1995,2875,10
1996,2876,10
1997,2877,10
1998,2878,10
1999,2883,10
2000,2884,10
2001,2885,10
2002,2888,10
2003,2890,10
2004,2891,10
2005,2892,10
2006,2893,10
2007,2895,10
2008,2896,10
2009,2897,10
2010,2898,10
2011,2899,10
2012,2901,10
2013,2902,10
2014,2905,10
2015,2906,10
2016,2908,10
2017,2910,10
2018,2911,10
2019,2912,10
2020,2914,10
2021,2916,10
2022,2917,10
2023,2920,10
2024,2923,10
2025,2924,10
2026,2926,10
2027,2927,10
2028,2928,10
2029,2930,10
2030,2931,10
2031,2932,10
2032,2933,10
2033,2935,10
2034,2936,10
2035,2937,10
2036,2938,10
2037,2939,10
2038,2941,10
2039,2942,10
2040,2943,10
2041,2944,10
2042,2945,10
2043,2947,10
2044,2948,10
2045,2950,10
2046,2951,10
2047,2952,10
2048,2954,10
2049,2955,10
2050,2957,10
2051,2958,10
2052,2960,10
2053,2961,10
2054,2963,10
2055,2964,10
2056,2965,10
2057,2966,10
2058,2967,10
2059,2968,10
2060,2970,10
2061,2972,10
2062,2973,10
2063,2974,10
2064,2975,10
2065,2977,10
2066,2978,10
2067,2980,10
2068,2982,10
2069,2983,10
2070,2984,10
2071,2985,10
2072,2988,10
2073,2989,10
2074,2990,10
2075,2991,10
2076,2993,10
2077,2996,10
2078,2997,10
2079,2998,10
2080,2999,10
2081,3000,10
2082,3001,10
2083,3003,10
2084,3006,10
2085,3007,10
2086,3008,10
2087,3009,10
2088,3011,10
2089,3012,10
2090,3013,10
2091,3016,10
2092,3017,10
2093,3018,10
2094,3019,10
2095,3020,10
2096,3021,10
2097,3022,10
2098,3023,10
2099,3024,10
2100,3025,10
2101,3026,10
2102,3028,10
2103,3029,10
2104,3032,10
2105,3033,10
2106,3034,10
2107,3035,10
2108,3036,10
2109,3038,10
2110,3040,10
2111,3041,10
2112,3042,10
2113,3043,10
2114,3045,10
2115,3046,10
2116,3047,10
2117,3050,10
2118,3051,10
2119,3052,10
2120,3054,10
2121,3055,10
2122,3056,10
2123,3057,10
2124,3058,10
2125,3059,10
2126,3060,10
2127,3061,10
2128,3062,10
2129,3063,10
2130,3064,10
2131,3065,10
2132,3066,10
2133,3067,10
2134,3068,10
2135,3069,10
2136,3072,10
2137,3074,10
2138,3075,10
2139,3076,10
2140,3077,10
2141,3079,10
2142,3080,10
2143,3081,10
2144,3084,10
2145,3086,10
2146,3087,10
2147,3088,10
2148,3090,10
2149,3091,10
2150,3092,10
2151,3093,10
2152,3094,10
2153,3097,10
2154,3099,10
2155,3100,10
2156,3102,10
2157,3104,10
2158,3107,10
2159,3109,10
2160,3110,10
2161,3111,10
2162,3112,10
2163,3114,10
2164,3115,10
2165,3116,10
2166,3117,10
2167,3118,10
2168,3119,10
2169,3120,10
2170,3122,10
2171,3123,10
2172,3124,10
2173,3125,10
2174,3127,10
2175,3128,10
2176,3129,10
2177,3132,10
2178,3134,10
2179,3135,10
2180,3137,10
2181,3139,10
2182,3140,10
2183,3142,10
2184,3143,10
2185,3144,10
2186,3145,10
2187,3146,10
2188,3147,10
2189,3150,10
2190,3151,10
2191,3152,10
2192,3153,10
2193,3154,10
2194,3155,10
2195,3156,10
2196,3157,10
2197,3158,10
2198,3159,10
2199,3161,10
2200,3162,10
2201,3163,10
2202,3164,10
2203,3168,10
2204,3169,10
2205,3171,10
2206,3172,10
2207,3174,10
2208,3175,10
2209,3176,10
2210,3178,10
2211,3179,10
2212,3180,10
2213,3181,10
2214,3182,10
2215,3183,10
2216,3184,10
2217,3185,10
2218,3187,10
2219,3188,10
2220,3190,10
2221,3191,10
2222,3192,10
2223,3193,10
2224,3194,10
2225,3195,10
2226,3198,10
2227,3199,10
2228,3200,10
2229,3202,10
2230,3203,10
2231,3204,10
2232,3205,10
2233,3206,10
2234,3209,10
2235,3210,10
2236,3211,10
2237,3212,10
2238,3213,10
2239,3214,10
2240,3215,10
2241,3216,10
2242,3217,10
2243,3218,10
2244,3220,10
2245,3221,10
2246,3222,10
2247,3223,10
2248,3224,10
2249,3225,10
2250,3226,9
2251,3227,10
2252,3229,10
2253,3231,10
2254,3232,10
2255,3233,10
2256,3234,10
2257,3235,10
2258,3237,10
2259,3238,10
2260,3239,10
2261,3241,10
2262,3243,10
2263,3244,10
2264,3246,10
2265,3247,10
2266,3248,10
2267,3249,10
2268,3250,10
2269,3251,10
2270,3252,10
2271,3253,10
2272,3255,10
2273,3258,10
2274,3259,10
2275,3260,10
2276,3261,10
2277,3262,10
2278,3263,10
2279,3268,10
2280,3269,10
2281,3270,10
2282,3272,10
2283,3273,10
2284,3274,10
2285,3275,10
2286,3276,10
2287,3277,10
2288,3278,10
2289,3279,10
2290,3281,10
2291,3283,10
2292,3284,10
2293,3285,10
2294,3286,10
2295,3287,10
2296,3288,10
2297,3289,10
2298,3290,10
2299,3291,10
2300,3292,10
2301,3294,10
2302,3302,10
2303,3303,10
2304,3306,10
2305,3307,10
2306,3308,10
2307,3309,10
2308,3310,10
2309,3311,10
2310,3312,10
2311,3313,10
2312,3314,10
2313,3316,10
2314,3317,10
2315,3319,10
2316,3320,10
2317,3323,10
2318,3324,10
2319,3326,10
2320,3327,10
2321,3330,10
2322,3332,10
2323,3333,10
2324,3334,10
2325,3335,10
2326,3336,10
2327,3337,10
2328,3338,10
2329,3339,10
2330,3340,10
2331,3341,10
2332,3343,10
2333,3344,10
2334,3345,10
2335,3346,10
2336,3350,10
2337,3351,10
2338,3352,10
2339,3353,10
2340,3354,10
2341,3358,10
2342,3359,10
2343,3361,10
2344,3362,10
2345,3363,10
2346,3365,10
2347,3366,10
2348,3367,10
2349,3369,10
2350,3370,10
2351,3372,10
2352,3373,10
2353,3374,10
2354,3376,10
2355,3379,10
2356,3380,10
2357,3382,10
2358,3383,10
2359,3384,10
2360,3386,10
2361,3387,10
2362,3390,10
2363,3391,10
2364,3393,10
2365,3394,8
2366,3395,10
2367,3396,10
2368,3397,10
2369,3400,10
2370,3402,10
2371,3403,10
2372,3404,10
2373,3405,10
2374,3406,10
2375,3407,10
2376,3409,10
2377,3411,10
2378,3413,10
2379,3415,10
2380,3416,10
2381,3418,10
2382,3419,10
2383,3420,10
2384,3421,10
2385,3422,10
2386,3423,10
2387,3426,10
2388,3427,10
2389,3428,10
2390,3429,10
2391,3430,10
2392,3431,10
2393,3432,10
2394,3435,10
2395,3436,10
2396,3438,10
2397,3440,10
2398,3441,10
2399,3443,10
2400,3444,10
2401,3446,10
2402,3447,10
2403,3449,10
2404,3450,10
2405,3452,10
2406,3453,10
2407,3455,10
2408,3457,10
2409,3459,10
2410,3460,10
2411,3461,10
2412,3462,10
2413,3464,10
2414,3467,10
2415,3468,10
2416,3469,10
2417,3470,10
2418,3471,10
2419,3472,10
2420,3473,10
2421,3474,10
2422,3475,10
2423,3476,10
2424,3477,10
2425,3479,10
2426,3480,10
2427,3482,10
2428,3483,10
2429,3485,10
2430,3486,10
2431,3487,10
2432,3488,10
2433,3491,10
2434,3492,10
2435,3494,10
2436,3496,10
2437,3497,10
2438,3500,10
2439,3501,10
2440,3502,10
2441,3504,10
2442,3505,10
2443,3506,10
2444,3507,9
2445,3508,10
2446,3509,10
2447,3510,10
2448,3511,10
2449,3512,10
2450,3513,10
2451,3514,10
2452,3515,10
2453,3516,10
2454,3517,10
2455,3518,10
2456,3520,10
2457,3521,10
2458,3522,10
2459,3523,10
2460,3525,10
2461,3526,10
2462,3527,10
2463,3529,10
2464,3530,10
2465,3531,10
2466,3532,10
2467,3536,10
2468,3537,10
2469,3538,10
2470,3541,10
2471,3542,10
2472,3543,10
2473,3545,10
2474,3546,10
2475,3547,10
2476,3548,10
2477,3549,10
2478,3553,10
2479,3556,10
2480,3557,10
2481,3558,10
2482,3561,10
2483,3562,10
2484,3563,10
2485,3564,10
2486,3565,10
2487,3566,10
2488,3567,10
2489,3569,10
2490,3570,10
2491,3573,10
2492,3574,10
2493,3576,10
2494,3577,10
2495,3579,10
2496,3580,10
2497,3582,10
2498,3583,10
2499,3584,10
2500,3586,10
2501,3588,10
2502,3591,10
2503,3592,10
2504,3594,10
2505,3595,10
2506,3597,10
2507,3598,10
2508,3599,10
2509,3602,10
2510,3603,10
2511,3608,10
2512,3609,10
2513,3610,10
2514,3611,10
2515,3612,10
2516,3614,10
2517,3615,10
2518,3616,10
2519,3617,10
2520,3618,10
2521,3619,10
2522,3620,10
2523,3621,10
2524,3622,10
2525,3623,10
2526,3625,10
2527,3626,10
2528,3628,10
2529,3630,10
2530,3632,10
2531,3634,10
2532,3635,10
2533,3636,10
2534,3637,10
2535,3638,10
2536,3639,10
2537,3642,10
2538,3643,10
2539,3644,10
2540,3645,10
2541,3646,10
2542,3647,10
2543,3651,10
2544,3652,10
2545,3653,10
2546,3654,10
2547,3655,10
2548,3657,10
2549,3658,10
2550,3659,10
2551,3662,10
2552,3664,10
2553,3665,10
2554,3667,10
2555,3670,10
2556,3671,10
2557,3672,10
2558,3673,10
2559,3674,10
2560,3675,10
2561,3677,10
2562,3678,10
2563,3679,10
2564,3681,10
2565,3682,10
2566,3683,10
2567,3685,10
2568,3686,10
2569,3687,10
2570,3688,10
2571,3689,10
2572,3692,10
2573,3693,10
2574,3695,10
2575,3696,10
2576,3697,10
2577,3698,10
2578,3699,10
2579,3701,10
2580,3702,10
2581,3703,10
2582,3704,10
2583,3705,10
2584,3707,10
2585,3708,10
2586,3709,10
2587,3710,10
2588,3711,10
2589,3712,10
2590,3713,10
2591,3714,10
2592,3718,10
2593,3720,10
2594,3722,10
2595,3723,10
2596,3725,10
2597,3726,10
2598,3727,10
2599,3729,10
2600,3730,10
2601,3732,10
2602,3733,10
2603,3734,10
2604,3735,10
2605,3737,10
2606,3738,10
2607,3739,10
2608,3742,10
2609,3743,10
2610,3744,10
2611,3747,10
2612,3748,10
2613,3749,10
2614,3750,10
2615,3751,10
2616,3752,10
2617,3753,10
2618,3754,10
2619,3756,10
2620,3757,10
2621,3760,10
2622,3762,10
2623,3763,10
2624,3768,10
2625,3769,10
2626,3770,10
2627,3772,10
2628,3773,10
2629,3774,10
2630,3775,10
2631,3776,10
2632,3777,10
2633,3780,10
2634,3781,10
2635,3782,10
2636,3789,10
2637,3790,10
2638,3792,10
2639,3793,10
2640,3795,10
2641,3796,10
2642,3798,10
2643,3799,10
2644,3802,10
2645,3803,10
2646,3805,10
2647,3807,10
2648,3808,10
2649,3811,10
2650,3813,10
2651,3814,10
2652,3815,10
2653,3816,10
2654,3819,10
2655,3821,10
2656,3822,10
2657,3823,10
2658,3824,10
2659,3825,10
2660,3826,10
2661,3827,10
2662,3828,9
2663,3829,10
2664,3830,10
2665,3831,10
2666,3832,10
2667,3833,10
2668,3834,10
2669,3835,10
2670,3836,10
2671,3837,10
2672,3838,10
2673,3840,10
2674,3842,10
2675,3843,10
2676,3844,10
2677,3845,10
2678,3846,10
2679,3847,10
2680,3848,10
2681,3850,10
2682,3852,10
2683,3853,10
2684,3854,10
2685,3855,10
2686,3856,10
2687,3858,10
2688,3859,10
2689,3860,10
2690,3862,10
2691,3863,10
2692,3864,10
2693,3866,10
2694,3868,10
2695,3869,10
2696,3870,10
2697,3871,10
2698,3874,10
2699,3875,10
2700,3876,10
2701,3877,10
2702,3878,10
2703,3879,10
2704,3880,10
2705,3882,10
2706,3888,10
2707,3889,10
2708,3891,10
2709,3892,10
2710,3893,10
2711,3900,10
2712,3901,10
2713,3904,10
2714,3906,10
2715,3907,10
2716,3908,10
2717,3909,10
2718,3910,10
2719,3911,10
2720,3912,10
2721,3913,10
2722,3915,10
2723,3916,10
2724,3917,10
2725,3918,10
2726,3920,10
2727,3921,10
2728,3922,10
2729,3923,10
2730,3924,10
2731,3925,10
2732,3926,10
2733,3928,10
2734,3929,10
2735,3931,10
2736,3932,10
2737,3933,10
2738,3935,10
2739,3936,10
2740,3937,10
2741,3939,10
2742,3940,10
2743,3941,10
2744,3942,10
2745,3945,10
2746,3949,10
2747,3950,10
2748,3951,10
2749,3952,10
2750,3954,10
2751,3956,10
2752,3958,10
2753,3959,10
2754,3962,10
2755,3964,10
2756,3966,10
2757,3967,10
2758,3968,10
2759,3969,10
2760,3971,10
2761,3973,10
2762,3974,10
2763,3975,10
2764,3976,10
2765,3978,10
2766,3979,10
2767,3980,10
2768,3981,10
2769,3984,10
2770,3985,10
2771,3986,10
2772,3987,10
2773,3988,10
2774,3989,10
2775,3990,10
2776,3991,10
2777,3992,10
2778,3993,10
2779,3994,10
2780,3997,10
2781,3998,10
2782,4001,10
2783,4005,10
2784,4006,10
2785,4007,10
2786,4008,10
2787,4009,10
2788,4010,10
2789,4012,10
2790,4019,10
2791,4020,10
2792,4021,10
2793,4024,10
2794,4027,10
2795,4029,10
2796,4031,10
2797,4033,10
2798,4035,10
2799,4036,10
2800,4038,10
2801,4040,10
2802,4042,10
2803,4044,10
2804,4047,10
2805,4048,10
2806,4049,10
2807,4050,10
2808,4051,10
2809,4053,10
2810,4056,10
2811,4057,9
2812,4058,10
2813,4061,10
2814,4063,10
2815,4064,10
2816,4065,10
2817,4066,10
2818,4067,10
2819,4068,10
2820,4069,10
2821,4071,10
2822,4072,10
2823,4073,10
2824,4075,10
2825,4077,10
2826,4078,10
2827,4079,10
2828,4080,10
2829,4082,10
2830,4083,10
2831,4084,10
2832,4087,10
2833,4089,10
2834,4090,10
2835,4092,10
2836,4094,10
2837,4095,10
2838,4097,10
2839,4099,10
2840,4100,10
2841,4101,10
2842,4102,10
2843,4103,10
2844,4104,10
2845,4105,10
2846,4106,10
2847,4107,10
2848,4108,10
2849,4109,10
2850,4110,10
2851,4113,10
2852,4114,10
2853,4116,10
2854,4118,10
2855,4120,10
2856,4121,10
2857,4123,10
2858,4126,10
2859,4127,10
2860,4128,10
2861,4130,10
2862,4131,10
2863,4132,10
2864,4133,10
2865,4134,10
2866,4136,10
2867,4137,10
2868,4138,10
2869,4139,10
2870,4140,10
2871,4141,10
2872,4142,10
2873,4143,10
2874,4144,10
2875,4145,10
2876,4146,10
2877,4148,10
2878,4149,10
2879,4150,10
2880,4153,10
2881,4154,10
2882,4156,10
2883,4157,10
2884,4158,10
2885,4159,10
2886,4160,10
2887,4161,10
2888,4162,10
2889,4163,10
2890,4165,10
2891,4166,10
2892,4167,10
2893,4169,10
2894,4170,10
2895,4171,10
2896,4172,10
2897,4177,10
2898,4178,10
2899,4180,10
2900,4181,10
2901,4187,10
2902,4188,10
2903,4191,10
2904,4192,10
2905,4195,10
2906,4196,10
2907,4197,10
2908,4198,10
2909,4200,10
2910,4202,10
2911,4203,10
2912,4209,10
2913,4210,10
2914,4211,10
2915,4212,10
2916,4216,10
2917,4219,10
2918,4220,10
2919,4222,10
2920,4223,10
2921,4224,10
2922,4225,10
2923,4227,10
2924,4231,10
2925,4232,10
2926,4233,10
2927,4237,10
2928,4238,10
2929,4239,10
2930,4242,10
2931,4243,10
2932,4245,10
2933,4246,10
2934,4247,10
2935,4248,10
2936,4249,10
2937,4250,10
2938,4251,10
2939,4252,10
2940,4253,10
2941,4255,10
2942,4256,10
2943,4257,10
2944,4258,10
2945,4262,10
2946,4263,10
2947,4265,10
2948,4266,10
2949,4267,10
2950,4268,10
2951,4269,10
2952,4270,10
2953,4271,10
2954,4272,10
2955,4273,10
2956,4274,10
2957,4275,10
2958,4276,10
2959,4277,10
2960,4278,10
2961,4279,10
2962,4280,10
2963,4281,10
2964,4282,10
2965,4283,10
2966,4284,10
2967,4285,10
2968,4286,10
2969,4287,10
2970,4288,10
2971,4290,10
2972,4293,10
2973,4294,10
2974,4295,10
2975,4298,10
2976,4299,10
2977,4301,10
2978,4304,10
2979,4305,10
2980,4306,10
2981,4307,10
2982,4308,10
2983,4309,6
2984,4310,10
2985,4312,10
2986,4313,10
2987,4314,10
2988,4315,10
2989,4316,10
2990,4317,10
2991,4318,10
2992,4319,10
2993,4321,10
2994,4322,10
2995,4324,10
2996,4325,10
2997,4326,10
2998,4327,10
2999,4328,10
3000,4329,10
3001,4330,10
3002,4331,10
3003,4332,10
3004,4333,10
3005,4334,10
3006,4335,10
3007,4337,10
3008,4338,10
3009,4339,10
3010,4341,10
3011,4342,10
3012,4343,10
3013,4345,10
3014,4347,10
3015,4349,10
3016,4350,10
3017,4352,10
3018,4354,10
3019,4359,10
3020,4361,10
3021,4362,10
3022,4364,10
3023,4365,10
3024,4367,10
3025,4368,10
3026,4372,10
3027,4373,10
3028,4374,10
3029,4375,10
3030,4376,10
3031,4377,10
3032,4378,10
3033,4379,10
3034,4380,10
3035,4382,10
3036,4385,10
3037,4388,10
3038,4390,10
3039,4391,10
3040,4392,10
3041,4393,10
3042,4395,10
3043,4396,10
3044,4397,10
3045,4398,10
3046,4402,10
3047,4403,10
3048,4405,10
3049,4406,10
3050,4407,10
3051,4410,10
3052,4411,10
3053,4413,10
3054,4416,10
3055,4417,10
3056,4418,10
3057,4419,10
3058,4420,10
3059,4421,10
3060,4422,10
3061,4424,10
3062,4425,10
3063,4426,10
3064,4428,10
3065,4429,10
3066,4430,10
3067,4431,10
3068,4432,10
3069,4433,10
3070,4436,10
3071,4437,10
3072,4439,10
3073,4440,10
3074,4442,10
3075,4444,10
3076,4446,10
3077,4448,10
3078,4449,10
3079,4450,10
3080,4453,10
3081,4454,10
3082,4455,10
3083,4457,10
3084,4458,10
3085,4464,10
3086,4465,10
3087,4466,10
3088,4467,10
3089,4468,10
3090,4469,10
3091,4472,10
3092,4475,10
3093,4477,10
3094,4478,10
3095,4479,10
3096,4482,10
3097,4483,10
3098,4484,10
3099,4486,10
3100,4490,10
3101,4492,10
3102,4495,10
3103,4499,10
3104,4500,10
3105,4501,10
3106,4502,10
3107,4507,10
3108,4508,10
3109,4509,10
3110,4510,10
3111,4512,10
3112,4513,10
3113,4514,10
3114,4516,10
3115,4517,10
3116,4518,10
3117,4520,10
3118,4521,10
3119,4523,10
3120,4525,10
3121,4527,10
3122,4528,10
3123,4529,10
3124,4530,10
3125,4532,10
3126,4535,10
3127,4540,10
3128,4541,10
3129,4542,10
3130,4544,10
3131,4547,10
3132,4549,10
3133,4550,10
3134,4552,10
3135,4553,10
3136,4557,10
3137,4558,10
3138,4560,10
3139,4562,10
3140,4564,10
3141,4565,10
3142,4566,10
3143,4567,10
3144,4569,10
3145,4570,10
3146,4571,10
3147,4573,10
3148,4574,10
3149,4575,10
3150,4576,10
3151,4578,10
3152,4579,10
3153,4581,10
3154,4584,10
3155,4585,10
3156,4586,10
3157,4588,10
3158,4589,10
3159,4591,10
3160,4601,10
3161,4602,10
3162,4604,10
3163,4606,10
3164,4609,10
3165,4610,10
3166,4611,10
3167,4612,10
3168,4617,10
3169,4619,10
3170,4622,10
3171,4623,10
3172,4624,10
3173,4625,10
3174,4626,10
3175,4627,10
3176,4631,10
3177,4633,10
3178,4634,10
3179,4637,10
3180,4639,10
3181,4640,10
3182,4643,10
3183,4645,10
3184,4646,10
3185,4649,10
3186,4651,10
3187,4653,10
3188,4654,10
3189,4655,10
3190,4656,9
3191,4658,10
3192,4661,10
3193,4662,10
3194,4663,10
3195,4664,10
3196,4667,8
3197,4671,10
3198,4672,10
3199,4673,10
3200,4674,10
3201,4676,10
3202,4678,10
3203,4680,10
3204,4681,10
3205,4684,10
3206,4685,10
3207,4702,10
3208,4706,10
3209,4707,10
3210,4714,10
3211,4715,10
3212,4716,10
3213,4720,10
3214,4721,10
3215,4730,10
3216,4743,10
3217,4745,10
3218,4750,10
3219,4752,10
3220,4759,10
3221,4760,10
3222,4765,10
3223,4774,10
3224,4781,9
3225,4806,10
3226,4812,10
3227,4820,10
3228,4825,10
3229,4827,10
3230,4828,10
3231,4829,10
3232,4831,10
3233,4838,10
3234,4839,10
3235,4845,10
3236,4848,10
3237,4853,10
3238,4857,10
3239,4860,10
3240,4861,10
3241,4862,10
3242,4863,10
3243,4867,10
3244,4868,10
3245,4870,10
3246,4874,10
3247,4879,10
3248,4881,10
3249,4882,10
3250,4887,10
3251,4891,10
3252,4892,10
3253,4893,10
3254,4894,10
3255,4903,10
3256,4907,10
3257,4908,10
3258,4909,10
3259,4910,10
3260,4911,10
3261,4912,10
3262,4913,10
3263,4914,10
3264,4916,10
3265,4918,10
3266,4921,10
3267,4922,10
3268,4924,10
3269,4925,10
3270,4927,10
3271,4928,10
3272,4929,10
3273,4931,10
3274,4932,10
3275,4934,10
3276,4935,10
3277,4937,9
3278,4943,10
3279,4945,10
3280,4951,10
3281,4952,10
3282,4953,10
3283,4954,10
3284,4956,10
3285,4957,10
3286,4958,10
3287,4964,10
3288,4966,10
3289,4970,10
3290,4971,10
3291,4972,10
3292,4973,10
3293,4975,10
3294,4976,10
3295,4979,10
3296,4981,10
3297,4983,10
3298,4984,10
3299,4986,10
3300,4987,10
3301,4991,10
3302,4992,10
3303,4993,10
3304,4995,10
3305,4996,10
3306,4998,10
3307,4999,10
3308,5000,10
3309,5001,10
3310,5002,10
3311,5005,10
3312,5008,10
3313,5009,10
3314,5011,10
3315,5012,10
3316,5013,10
3317,5014,10
3318,5015,10
3319,5016,10
3320,5018,10
3321,5021,10
3322,5023,10
3323,5024,10
3324,5026,10
3325,5027,10
3326,5029,10
3327,5032,10
3328,5033,10
3329,5036,10
3330,5040,10
3331,5043,10
3332,5047,10
3333,5051,10
3334,5052,10
3335,5055,10
3336,5057,10
3337,5059,10
3338,5061,10
3339,5062,10
3340,5063,10
3341,5065,10
3342,5066,10
3343,5067,10
3344,5070,10
3345,5071,10
3346,5072,10
3347,5074,10
3348,5076,10
3349,5077,10
3350,5078,10
3351,5079,10
3352,5084,10
3353,5086,10
3354,5087,10
3355,5089,10
3356,5090,10
3357,5091,10
3358,5093,10
3359,5094,10
3360,5095,10
3361,5097,10
3362,5099,9
3363,5100,10
3364,5101,10
3365,5107,10
3366,5108,10
3367,5109,10
3368,5110,10
3369,5111,10
3370,5112,10
3371,5113,10
3372,5114,10
3373,5115,10
3374,5118,10
3375,5119,10
3376,5120,10
3377,5121,10
3378,5122,10
3379,5123,10
3380,5124,10
3381,5125,10
3382,5126,10
3383,5127,10
3384,5128,10
3385,5130,10
3386,5131,10
3387,5132,10
3388,5133,10
3389,5135,10
3390,5136,10
3391,5137,10
3392,5139,10
3393,5140,10
3394,5141,10
3395,5142,10
3396,5143,10
3397,5144,10
3398,5145,10
3399,5147,10
3400,5149,10
3401,5153,10
3402,5154,10
3403,5155,10
3404,5157,10
3405,5158,10
3406,5160,10
3407,5161,10
3408,5165,10
3409,5166,10
3410,5168,10
3411,5169,10
3412,5170,10
3413,5173,10
3414,5174,10
3415,5175,10
3416,5176,10
3417,5177,10
3418,5178,10
3419,5180,10
3420,5181,10
3421,5182,10
3422,5183,10
3423,5188,10
3424,5190,10
3425,5191,10
3426,5192,10
3427,5193,10
3428,5194,10
3429,5196,10
3430,5198,10
3431,5201,10
3432,5204,10
3433,5205,10
3434,5206,10
3435,5207,10
3436,5208,10
3437,5209,10
3438,5210,10
3439,5212,10
3440,5214,10
3441,5215,10
3442,5217,10
3443,5219,10
3444,5221,10
3445,5223,10
3446,5224,10
3447,5225,10
3448,5226,10
3449,5232,10
3450,5236,10
3451,5237,10
3452,5238,10
3453,5241,10
3454,5242,10
3455,5243,10
3456,5245,10
3457,5247,10
3458,5248,10
3459,5249,10
3460,5251,10
3461,5252,10
3462,5253,10
3463,5255,10
3464,5257,10
3465,5258,10
3466,5259,10
3467,5260,10
3468,5262,10
3469,5266,10
3470,5268,10
3471,5269,10
3472,5270,10
3473,5272,10
3474,5273,10
3475,5277,10
3476,5278,10
3477,5279,10
3478,5280,10
3479,5281,10
3480,5282,10
3481,5285,10
3482,5287,10
3483,5288,10
3484,5291,10
3485,5295,10
3486,5296,10
3487,5298,10
3488,5299,10
3489,5300,10
3490,5301,10
3491,5304,10
3492,5305,10
3493,5306,10
3494,5320,10
3495,5321,10
3496,5322,10
3497,5323,10
3498,5325,10
3499,5326,10
3500,5327,10
3501,5328,10
3502,5329,10
3503,5330,10
3504,5333,10
3505,5334,10
3506,5335,10
3507,5336,10
3508,5340,10
3509,5341,10
3510,5342,10
3511,5343,10
3512,5348,10
3513,5350,10
3514,5355,10
3515,5357,10
3516,5359,10
3517,5364,10
3518,5367,10
3519,5368,10
3520,5369,10
3521,5370,10
3522,5372,10
3523,5373,10
3524,5374,10
3525,5375,10
3526,5380,10
3527,5383,10
3528,5384,10
3529,5385,10
3530,5386,10
3531,5387,10
3532,5390,10
3533,5392,10
3534,5393,10
3535,5394,10
3536,5397,10
3537,5398,10
3538,5399,10
3539,5401,10
3540,5403,10
3541,5404,10
3542,5405,10
3543,5409,10
3544,5410,10
3545,5412,10
3546,5413,10
3547,5416,10
3548,5419,10
3549,5422,10
3550,5424,10
3551,5425,10
3552,5426,10
3553,5427,10
3554,5429,10
3555,5431,10
3556,5434,10
3557,5439,10
3558,5440,10
3559,5442,10
3560,5446,10
3561,5447,10
3562,5451,10
3563,5452,10
3564,5455,10
3565,5457,10
3566,5459,10
3567,5460,10
3568,5461,10
3569,5462,10
3570,5464,10
3571,5465,10
3572,5469,10
3573,5471,10
3574,5472,10
3575,5473,10
3576,5474,10
3577,5475,10
3578,5478,10
3579,5481,10
3580,5482,10
3581,5486,10
3582,5488,10
3583,5490,10
3584,5491,10
3585,5494,10
3586,5495,10
3587,5496,10
3588,5498,9
3589,5500,10
3590,5503,10
3591,5504,10
3592,5505,10
3593,5506,10
3594,5508,10
3595,5509,10
3596,5510,10
3597,5511,10
3598,5513,10
3599,5514,10
3600,5515,10
3601,5516,10
3602,5519,10
3603,5520,10
3604,5525,10
3605,5526,10
3606,5528,10
3607,5529,10
3608,5531,10
3609,5533,10
3610,5534,10
3611,5536,10
3612,5537,10
3613,5538,10
3614,5540,10
3615,5541,10
3616,5544,10
3617,5545,10
3618,5548,10
3619,5549,10
3620,5550,10
3621,5552,10
3622,5556,10
3623,5557,10
3624,5558,10
3625,5559,10
3626,5562,10
3627,5564,10
3628,5565,10
3629,5567,10
3630,5569,10
3631,5570,10
3632,5572,10
3633,5573,10
3634,5577,10
3635,5578,10
3636,5579,10
3637,5582,10
3638,5583,10
3639,5585,10
3640,5586,10
3641,5587,9
3642,5588,10
3643,5589,10
3644,5590,10
3645,5591,10
3646,5593,10
3647,5594,10
3648,5595,10
3649,5596,10
3650,5597,10
3651,5598,10
3652,5599,10
3653,5602,10
3654,5604,10
3655,5605,10
3656,5606,10
3657,5607,10
3658,5608,10
3659,5611,10
3660,5613,10
3661,5614,10
3662,5615,10
3663,5616,10
3664,5617,10
3665,5622,10
3666,5624,10
3667,5625,10
3668,5626,10
3669,5630,10
3670,5633,10
3671,5634,10
3672,5635,10
3673,5636,10
3674,5637,10
3675,5638,10
3676,5640,10
3677,5642,10
3678,5644,10
3679,5645,10
3680,5646,10
3681,5652,10
3682,5653,10
3683,5654,10
3684,5655,10
3685,5658,10
3686,5659,10
3687,5662,10
3688,5663,10
3689,5664,10
3690,5667,10
3691,5668,10
3692,5673,10
3693,5677,10
3694,5681,10
3695,5684,10
3696,5690,10
